Date,Unnamed: 1,Unnamed: 2,Unnamed: 3,Unnamed: 4,Unnamed: 5
2019-05-03,635.9365844726562,639.8411215539016,633.1380044612973,635.5303477350742,14240262
2019-05-06,625.1259155273438,633.2057540886213,622.0564506958681,631.0390978455215,15832114
2019-05-07,606.4384765625,629.6849085851584,604.9488815784015,629.5946337536113,19417647
2019-05-08,586.5548706054688,604.8586048856744,583.2823175765999,604.8586048856744,31958919
2019-05-09,567.145263671875,581.7476099649839,565.0237447830946,581.7476099649839,42670173
2019-05-10,564.7529296875,576.7372456983744,561.9768880660938,571.0046127823236,24557430
2019-05-13,556.1314086914062,569.1087471339949,554.077565884991,563.2858999908873,17603659
2019-05-14,568.9508056640625,572.9681562481065,555.8831319118269,558.1400629938819,28438234
2019-05-15,567.3483276367188,576.8726236516015,564.5046101887277,574.6156926067446,24419559
2019-05-16,571.16259765625,574.1191888151583,567.8900445836802,568.7251169158583,14451308
2019-05-17,572.087890625,576.3986038626607,565.1364881286815,571.9073409771546,17276949
2019-05-20,598.4940795898438,603.8204757022205,588.3829966444267,592.9420566511419,26979100
2019-05-21,604.7683715820312,617.046111059159,600.367382860094,601.3378674946649,30343560
2019-05-22,605.0391845703125,613.750947274363,602.6468411593967,607.4089894040787,24689918
2019-05-23,602.1051635742188,628.3307252776817,598.0878130468797,619.3030010768881,38766006
2019-05-24,603.436767578125,611.087770722241,594.2510319843899,608.4697402589431,22269265
2019-05-27,591.6103515625,603.7301387565516,589.962805843933,603.5495891032056,16076686
2019-05-28,597.5235595703125,602.5113946205392,592.8291478513598,595.7406015339453,42594251
2019-05-29,592.6937255859375,601.8343232169245,588.6763751644861,596.2822404374468,15558515
2019-05-30,600.2319946289062,605.7614793040962,594.1382620651674,594.1382620651674,23494381
2019-05-31,600.4124755859375,605.7162725513341,595.9211520972763,603.9107156727948,25724066
2019-06-03,613.9766845703125,617.158962873691,596.3725495154961,602.6016938708482,18556942
2019-06-04,610.1172485351562,620.3186055200739,608.5148401901816,612.735278837177,15442761
2019-06-06,599.1486206054688,614.7440509713437,596.327441500073,614.7440509713437,16764835
2019-06-07,593.52880859375,599.1034300492773,589.3309084383992,598.5166436496354,14722419
2019-06-10,595.4472045898438,598.9905822437355,591.3621779282786,596.237139524488,11768468
2019-06-11,599.9610595703125,602.3760017622592,594.9281472063661,596.6659678833597,11492074
2019-06-12,601.3152465820312,604.1364255447235,598.0878308656435,602.4662808492893,10297599
2019-06-13,599.1034545898438,602.4662825670516,590.707653935232,600.3447636947957,15686169
2019-06-14,594.7249755859375,598.0878033991231,591.0461858677211,596.688483270415,14942768
2019-06-17,578.8135375976562,595.830823774536,577.0982557038584,595.830823774536,14908257
2019-06-18,578.2268676757812,581.3640087896613,572.8553338562263,577.2789215835875,16797371
2019-06-19,576.5792236328125,587.7059284841132,569.9213038998722,580.8899976583075,14492763
2019-06-20,585.336181640625,586.8032382484284,576.8727041079051,577.7754525463251,10748848
2019-06-21,577.5496826171875,584.9975972204583,575.7667245751904,584.9749983809481,23236832
2019-06-24,569.8309936523438,576.1729510690017,567.4386504125471,574.2319819756626,11267228
2019-06-25,584.9298706054688,585.9003551853891,566.1521630973274,568.2511433456274,14966899
2019-06-26,584.16259765625,588.8796088170066,580.6417582856363,582.7407387607574,11593027
2019-06-27,575.1348266601562,585.4038603232036,573.712907614138,583.7111770358732,24905533
2019-06-28,565.6331176757812,579.0618908185701,563.624412243058,576.4663989704375,18942165
2019-07-01,572.7424926757812,574.4577145682326,562.6314096760841,567.8674707170345,13478857
2019-07-02,577.0982666015625,578.226762169486,570.2371991603759,575.044484215851,10146746
2019-07-03,578.9263916015625,580.7094098691919,575.541025251397,579.0844026840556,8806492
2019-07-04,579.5808715820312,582.740610890748,577.7753148718455,578.4072988917286,9351405
2019-07-05,570.259765625,582.5149653428731,568.7476321114237,580.0774244391135,10926753
2019-07-08,565.1591186523438,572.4038846008084,563.4212980626161,567.8448852099742,14009219
2019-07-09,577.820556640625,579.3552891609992,562.2025877117098,563.7598588099542,17535754
2019-07-10,577.25634765625,581.9958970362514,572.6747491062227,577.7979966680044,12018196
2019-07-11,578.4750366210938,582.1990240986477,577.4594146296831,580.9351161875426,8608376
2019-07-12,578.0011596679688,586.8031973839195,576.8952025125512,579.1295951374104,15692436
2019-07-15,576.0150146484375,582.0635488893104,573.4195228460686,580.0323049159039,10659498
2019-07-16,583.6433715820312,584.5010426760637,576.4437434248532,577.7527886401829,10070773
2019-07-17,578.6104736328125,585.4490033694668,577.7754012695951,584.2302328221832,9482233
2019-07-18,569.5827026367188,580.6642692826077,567.8448820566415,578.6781627924179,11942908
2019-07-19,563.782470703125,574.5931540660478,560.9386926931303,572.4490964670397,16336536
2019-07-22,578.0011596679688,579.8066564190754,553.9873297153326,564.6851992835219,29092589
2019-07-23,574.8639526367188,584.0496272253935,568.9281718267421,580.0322768884748,20316348
2019-07-24,568.3413696289062,577.2336809134725,565.8361528488774,574.8413377960691,15189179
2019-07-25,555.8831787109375,572.8327922250751,553.8519345397227,570.5532621111378,21805071
2019-07-26,547.8935546875,560.8483544484686,546.1782726440591,555.8831182427565,20387504
2019-07-29,546.6071166992188,551.5949518217128,543.9664874702091,549.2928833441882,17626045
2019-07-30,533.0429077148438,550.692178940088,530.8085755927029,547.9612750009646,20853117
2019-07-31,526.4301147460938,534.8935906040457,524.6922339506592,530.7182895071983,21229950
2019-08-01,532.74951171875,536.3380263009985,519.2530039381528,525.1435867529218,22628222
2019-08-02,537.8091430664062,544.1210860846853,527.7055115893971,533.8812295470497,23766807
2019-08-05,519.1912841796875,529.9306336626171,512.2208890367813,529.9306336626171,30399133
2019-08-06,512.3570556640625,522.0293379430877,509.49626881055286,515.2859853594673,29067994
2019-08-07,503.774658203125,517.0115877405395,500.9138409022352,511.5397294037326,25349369
2019-08-08,523.2781372070312,525.8437396469357,497.3719121588815,503.2978542107575,31198568
2019-08-09,527.7055053710938,533.7904065499594,523.2553655257883,527.5920148012282,21970009
2019-08-13,578.8594970703125,591.5968734557351,556.7222885392116,559.969076698761,104827144
2019-08-14,584.9898071289062,592.3461421573072,581.40242600764,592.1418348823902,31688983
2019-08-16,580.3353271484375,586.6018620093873,578.0648487749316,586.3294118796034,21977767
2019-08-19,586.9651489257812,588.87236052481,581.2435141286951,581.7203321847795,16317602
2019-08-20,579.4044189453125,586.9651221490863,577.8832087587299,585.693688224608,14969299
2019-08-21,577.1339721679688,580.6305369021651,575.113269971948,579.2682255689683,10677848
2019-08-22,566.1448364257812,577.1566355959485,562.5801895333117,577.1339617305485,14031953
2019-08-23,579.3590087890625,583.0598806028331,556.9493493741091,562.625575538082,21307915
2019-08-26,575.24951171875,587.6008882881982,571.7075385249452,587.6008882881982,19202504
2019-08-27,578.9049682617188,583.5140075040541,572.7065152500139,583.5140075040541,28401906
2019-08-28,573.6600952148438,581.6976162381646,570.3678986675511,578.405419690872,11605488
2019-08-29,563.8743286132812,572.2751165568237,560.9453988589464,570.5495384893119,18890222
2019-08-30,566.962158203125,569.6186378392703,554.4518232878675,565.5771730991098,24735240
2019-09-03,547.822021484375,564.44196397496,544.915765591029,564.1013710088617,18730619
2019-09-04,545.43798828125,547.2997913994586,538.5811450290316,545.1655381603373,32949395
2019-09-05,544.2800903320312,550.9098923695573,541.8733867713473,548.0036968788901,22995486
2019-09-06,555.1329956054688,558.0846601040214,542.7588847037789,546.2781233604322,23186819
2019-09-09,554.9967041015625,559.9009273924996,550.8871572872196,554.2928443294189,11747929
2019-09-11,560.5367431640625,563.0796716873481,555.1329670049365,555.1329670049365,12127900
2019-09-12,549.61572265625,563.2840019164422,547.504203735165,560.8092161379928,11880005
2019-09-13,556.5406494140625,557.8574916302792,548.049045035865,550.3649316276186,12947715
2019-09-16,549.7973022460938,553.5889906364981,538.6038098604724,539.9207127147705,20547730
2019-09-17,543.7578125,549.9108565170806,541.9641522447179,549.9108565170806,15640772
2019-09-18,547.504150390625,552.3175570323413,543.6443191565811,547.1635574323757,14933909
2019-09-19,535.4024658203125,549.3205209243985,532.4962704265432,548.4804360302361,13766222
2019-09-20,569.595947265625,576.6571590168722,533.2455569164274,539.4439492533576,48165560
2019-09-23,562.7164306640625,581.6976696869452,560.8092190277623,578.5871062667701,21610844
2019-09-24,580.6531982421875,589.7805202893766,564.3284395883398,564.7144409265692,34958974
2019-09-25,581.0391845703125,588.0549875719304,576.1803693585616,583.0598866705417,18192270
2019-09-26,588.8723754882812,589.7805426417008,582.8328820421093,586.6927136947637,18350457
2019-09-27,594.4349975585938,597.1368855356833,583.0598715429023,586.9197028494153,19058663
2019-09-30,604.9700317382812,606.5593847212041,592.84563771548,594.8664003652658,25263770
2019-10-01,592.550537109375,609.3975217671821,587.2829860689777,607.1270433985662,17920384
2019-10-03,595.34326171875,597.0006970392734,581.8338816312009,583.9681350063685,13524851
2019-10-04,594.0036010742188,603.3126168951791,592.0737156907695,599.3619687937602,14992253
2019-10-07,594.911865234375,599.7706807255712,591.0974419631156,594.0036374612936,10061584
2019-10-09,601.5643310546875,603.9256868498654,586.9197419782464,594.2761382529185,17588647
2019-10-10,618.8200073242188,621.6580597201946,599.8614438672217,601.6778386258536,35006390
2019-10-11,614.2109375,620.1142055937399,606.9226842501954,619.2513862135205,16597126
2019-10-14,616.6630249023438,619.8189964240781,613.4162366731625,619.8189964240781,13394275
2019-10-15,619.4557495117188,622.1122292279098,614.9828749628834,618.7064813385387,9672791
2019-10-16,623.1793823242188,626.494253018541,619.25140787095,622.0668472623747,19403660
2019-10-17,634.145751953125,635.2810214678195,623.0204017105965,624.3827130031683,16038940
2019-10-18,643.1596069335938,648.4044237581587,635.1448196920418,637.551523251104,28121951
2019-10-22,642.1605834960938,652.4685224556432,637.2562993404434,647.0874808910055,27786502
2019-10-23,632.283935546875,647.5188932141406,628.0835718058879,643.1368960546442,18446160
2019-10-24,652.286865234375,654.5346696351836,629.6274909416699,636.1891494823478,22642488
2019-10-25,649.9029541015625,654.5574016132116,640.8437141027904,654.3985026770089,13539957
2019-10-27,651.2879638671875,656.1695139723865,649.3580176917168,654.3531190058953,3014841
2019-10-29,666.1823120117188,672.0628458471743,654.8525934226368,656.3965381966274,25768505
2019-10-30,671.6541137695312,674.1289599715979,663.1171008159719,672.0627889507603,16341366
2019-10-31,664.9561767578125,676.4448540638854,663.7528250649725,673.8791911266601,19463741
2019-11-01,661.5731811523438,663.7982511816875,654.3530708020995,660.7104224038399,13904301
2019-11-04,661.913818359375,667.9759857448499,656.2149178396497,665.6600988503848,14063434
2019-11-05,657.2138671875,667.0450490391754,654.3530801447291,664.3886299103059,12685356
2019-11-06,651.5830688476562,656.8278856678531,648.6768733613678,655.1250419600937,14625505
2019-11-07,662.34521484375,664.3431825654603,650.357044761627,651.6285393916619,14084039
2019-11-08,656.3965454101562,662.8219796039944,654.4893337566931,657.9858985589274,12019353
2019-11-11,648.3590087890625,655.8288956675505,645.9749791202776,653.4902743555431,11357841
2019-11-13,668.5662841796875,670.2010456758775,649.3580033190589,649.3580033190589,25225749
2019-11-14,664.2296142578125,672.7893007979944,661.0736428559976,670.2463724608039,14258133
2019-11-15,667.9078369140625,675.1506815162531,664.4112724292896,665.5465418968554,15691605
2019-11-18,662.6176147460938,674.7873567094091,660.892036673781,668.7251899046857,14076051
2019-11-19,685.5722045898438,687.9108258557272,665.251389392237,666.1595565098762,30176255
2019-11-20,702.7824096679688,714.0213104394663,700.7617076531411,706.14274903006,43538120
2019-11-21,698.21875,706.5741298023123,694.1092029438431,701.5790895130066,14897371
2019-11-22,702.2601928710938,712.7044172973085,698.2187281610386,700.2621646928046,22352865
2019-11-25,709.0944213867188,710.5702233104325,704.3036881321603,704.3718309807105,15146156
2019-11-26,708.5040283203125,715.8149548445064,706.5740824286183,712.0686748787041,35330983
2019-11-27,712.8634033203125,715.4290663249951,706.6195422967951,708.3678549085397,9642739
2019-11-28,717.6087036132812,719.3569555403118,710.1842256078093,714.1348129980724,13747479
2019-11-29,704.3717651367188,718.3579016182798,702.8732288617999,718.3579016182798,18559594
2019-12-02,720.4241333007812,733.1161024777194,716.1102181500373,726.5544433505715,31225364
2019-12-03,716.9729614257812,723.8298050367894,714.1121743811998,723.262230901175,12990426
2019-12-04,705.0756225585938,716.337197195998,696.4704668765297,714.2937606917029,20987607
2019-12-05,704.2355346679688,717.3589123413668,701.124971572131,714.747841124897,19942460
2019-12-06,706.0746459960938,712.0233224317702,699.8081110724914,705.2118872431524,13085234
2019-12-09,714.1121826171875,716.2918443489853,702.2602378488012,706.6422958032437,12642677
2019-12-10,709.2760009765625,714.5662257594511,705.7340281282627,713.8623659626422,10173333
2019-12-11,709.4804077148438,714.9749400779976,704.122039795287,706.3925182356934,12364641
2019-12-12,712.1141357421875,714.6797987490128,706.8693191531878,713.0450373364645,10326606
2019-12-13,718.7893676757812,722.0134822436535,714.0213689841537,717.4724647096219,12668303
2019-12-16,711.3876342773438,723.7844189352347,710.3659159263914,722.9216601473393,11892718
2019-12-17,709.6166381835938,717.0183821930622,706.3698497453345,711.4557069404717,20324601
2019-12-18,715.5879516601562,717.4724286762806,709.2987430262698,709.7528265692749,14742077
2019-12-19,731.0726318359375,733.3204363332399,713.7488898150439,714.6116485549935,20507816
2019-12-20,726.145751953125,734.5238057925717,724.783440652879,733.3658624062203,21271510
2019-12-23,713.5672607421875,716.3599048880025,707.3915425848036,708.4359347500509,25107772
2019-12-24,702.237548828125,713.8623909383982,700.4438278516575,712.4319974304801,18048449
2019-12-26,688.1378784179688,705.1891710086443,685.7538487588466,700.0579054629612,29761019
2019-12-27,700.375732421875,702.123984384657,690.8170009754738,693.4053378100617,17677571
2019-12-30,701.2158203125,702.7824388638312,693.882158832724,702.0104968331783,17123749
2019-12-31,687.5248413085938,700.9888132209123,684.8002792638293,700.2168105267571,22203005
2020-01-01,685.5040283203125,693.4507327134323,683.6422858199248,689.3184512790344,14004468
2020-01-02,697.1743774414062,699.740040503203,686.5939273263097,686.5939273263097,17710316
2020-01-03,698.0144653320312,700.0579019939216,691.5889707173104,696.1299276047761,20984698
2020-01-06,681.825927734375,693.8140368742862,680.2365746451729,690.2267161161894,24519177
2020-01-07,692.3155517578125,696.8111002026325,687.2750424217206,689.7725625993643,16683622
2020-01-08,687.1161499023438,696.7883722147006,685.6857563781854,687.9562347995321,16047902
2020-01-09,702.94140625,703.8495733550042,695.3352945570139,698.6728996058655,14982742
2020-01-10,702.7824096679688,707.4595912629384,699.1496201887302,704.7122949770805,12478359
2020-01-13,700.9888305664062,707.8002661595165,698.5821269610259,701.6018737136077,18282382
2020-01-14,694.4952392578125,703.8496033390824,691.0668173524093,699.3086463700013,15816535
2020-01-15,691.9749755859375,699.263229008806,689.4320469910331,697.4241602538548,15817859
2020-01-16,698.35498046875,700.8298267677587,693.8594320485257,694.3135762263189,12847975
2020-01-17,717.9265747070312,719.7202350192077,705.3026884269029,705.4389134901579,29463471
2020-01-20,695.8347778320312,730.6412820170693,693.1328897902031,730.6412820170693,32545850
2020-01-21,696.5386352539062,701.9650851836454,691.1348591887795,694.1319318384486,18922720
2020-01-22,696.2888793945312,702.37378095593,695.2671610749878,701.1250208570779,10322817
2020-01-23,693.3372802734375,700.1941239303264,690.5445754313074,697.7192775813537,11247739
2020-01-24,690.9305419921875,697.6511602422867,689.5682307504936,693.4053275912792,14628445
2020-01-27,684.1190795898438,692.2474178297533,683.4152197579187,687.9108288859609,13387750
2020-01-28,668.3165283203125,685.6857393436219,664.6156564667485,685.0499617512174,24532236
2020-01-29,671.9947509765625,678.6018184046957,664.8199881547217,669.3609450512921,24746565
2020-01-30,655.601806640625,671.9265644155993,653.8989630715205,671.6087059410615,22402689
2020-01-31,641.0253295898438,659.9157511245859,639.0046274554104,659.802199923068,34750310
2020-02-03,629.1506958007812,635.7124152053484,618.9562474160317,622.0668106328538,30712290
2020-02-04,647.7232666015625,650.4932368825662,634.7361133164537,635.735097126705,25383901
2020-02-05,657.7587890625,659.7114090527526,649.4942861535573,651.5830705904724,18472100
2020-02-06,661.9818725585938,666.1595625884715,653.9444116182211,660.3017633756305,15538577
2020-02-07,651.0154418945312,659.5070465039792,648.5860040432572,658.8940034188075,12209212
2020-02-10,651.9009399414062,656.3964882238707,640.4804055071637,648.4497837976552,15142476
2020-02-11,659.688720703125,665.7962961924178,656.1921560153058,657.2592827016516,13999816
2020-02-12,667.6580810546875,669.7242521486861,660.7104208518695,661.2326472479173,13533565
2020-02-13,669.4063720703125,671.0411335737404,664.1615551897434,671.0411335737404,13565659
2020-02-14,675.5139770507812,681.8031858674186,659.8476093594238,670.8140606808432,21227841
2020-02-17,671.2681274414062,683.9374220942336,669.4744671266417,676.1496771116841,13149130
2020-02-18,666.3411865234375,670.2010180042683,661.8002297078629,670.2010180042683,11127161
2020-02-19,682.870361328125,684.0737131506878,669.8377985821678,671.7676841465611,14084409
2020-02-20,674.7647094726562,684.777524709685,673.7883995133013,679.7824843364127,16892268
2020-02-24,656.146728515625,670.7005003584171,653.6946167201837,667.4083036827764,21370214
2020-02-25,643.1823120117188,659.0756606962874,640.276056030605,659.0756606962874,27745062
2020-02-26,632.102294921875,641.3431677970608,629.9907761431243,640.2760411628317,29362748
2020-02-27,629.4912719726562,632.9196935790368,621.6580582276188,630.2858878414265,25054993
2020-02-28,603.3352661132812,616.2089281829525,601.6778309251808,615.2552921498561,39315769
2020-03-02,597.6591796875,621.6581338516088,590.8250095073297,615.3461901096969,29500495
2020-03-03,609.783447265625,614.801221916484,600.3155326982333,603.8120971863541,27398798
2020-03-04,608.3530883789062,614.755848495127,593.9128066938468,613.9384980814724,22105261
2020-03-05,595.3886108398438,616.6403257644232,593.0499897809816,614.0292545943873,30510390
2020-03-06,577.1566162109375,584.944421835841,563.5791544387122,576.7025326651052,33734039
2020-03-09,505.9316101074219,563.5337446309933,497.23566772593045,563.1023349509118,88187018
2020-03-11,523.822998046875,535.1299810245891,503.1388870861284,503.1388870861284,59578576
2020-03-12,482.7045593261719,499.9602186470631,476.2109829041029,492.69470021601074,55970485
2020-03-13,501.912841796875,517.6699649323594,427.9405419317732,453.1882838191563,73297403
2020-03-16,461.225830078125,490.2879965169498,456.36698439657846,481.59205379469057,38482258
2020-03-17,457.7293090820313,481.3423218979826,455.5496472932559,475.5525744315976,45445979
2020-03-18,439.79248046875,470.3985917003228,436.3867628062399,465.58515436635776,44730415
2020-03-19,416.724365234375,439.1113212899516,405.1449010245728,417.81419609014506,61404010
2020-03-20,462.2475280761719,469.94445630985547,422.3097286338443,426.6236435380593,63360475
2020-03-23,401.4440002441406,431.3916576053398,397.6295773665679,416.043179702297,40670949
2020-03-24,428.3946533203125,440.4736096477106,406.77966926728817,422.3097516435636,45734887
2020-03-25,491.4459228515625,522.9147917041563,437.40846516273416,437.6582111134139,73130298
2020-03-26,484.15765380859375,507.1803557466668,473.3274584498344,497.5989204128722,45744488
2020-03-27,483.8852233886719,502.8210530612701,475.0757600128683,497.2356738301016,41657940
2020-03-30,467.9237365722656,488.0629181663864,463.1784421743866,472.5328362163698,30229866
2020-03-31,505.75,513.038223103655,475.8931568080964,487.67695877437023,44292810
2020-04-01,490.6285705566406,510.6769046926999,474.6216709083458,509.6097780494802,41597459
2020-04-03,489.2662658691406,515.1497860937257,479.6621259511463,515.1497860937257,41367807
2020-04-07,547.685791015625,551.2731115551385,499.5061337351905,500.4597394680756,54373624
2020-04-08,541.3511352539062,558.0846294477428,526.7519550034932,535.8338685379514,49880330
2020-04-09,553.9750366210938,559.8101619799367,541.7371511359315,551.2731484781774,33032857
2020-04-13,539.9888916015625,551.727285003426,535.8338754867092,546.7095101292276,23673784
2020-04-15,522.142822265625,561.2632393276076,519.0322591961202,543.5761707973664,35321842
2020-04-16,530.4074096679688,539.2168729242031,519.940511163216,522.1428466646215,37455706
2020-04-17,555.8140869140625,558.5387094573673,541.5781735952572,552.181357898501,33269335
2020-04-20,564.8052368164062,570.7992608314514,545.8239991012802,556.7223072540525,36030932
2020-04-21,561.8763427734375,568.5288186613592,528.5683731007346,549.4567630243433,61371628
2020-04-22,619.2059936523438,628.8782767517124,590.3254906748962,599.4074045121166,142683366
2020-04-23,622.5209350585938,629.3096966811634,614.5288216517934,620.9089080576014,65464502
2020-04-24,643.4547729492188,678.8515867116389,611.758831132784,613.0984079452747,134986308
2020-04-27,649.2444458007812,669.7923014025513,646.179291045934,651.1743311092536,58482901
2020-04-28,648.5179443359375,660.9147284037018,632.170451498893,658.4399427383122,78453401
2020-04-29,647.9730224609375,660.0974177533864,644.8170506537931,656.1240955053038,37494672
2020-04-30,665.7054443359375,678.8515568631882,653.0134759732933,660.2335861240963,71345899
2020-05-04,651.7193603515625,665.2514146704273,643.6591040623538,653.8990221420277,53456868
2020-05-05,663.2760620117188,671.6087684696271,657.1684863333501,660.1201508366181,44903763
2020-05-06,663.3214721679688,674.3105968913418,656.3964860392387,664.7972739760656,40489094
2020-05-07,684.3007202148438,687.3432013549689,656.1694855096814,660.71044241628,50026966
2020-05-08,709.2079467773438,717.4270410187647,697.9917191897074,701.5791005335512,84262770
2020-05-11,716.0193481445312,733.3658241701319,713.9759116133565,717.4724154553719,67085063
2020-05-12,671.7222290039062,712.1822864403915,665.2513867531263,710.5701988750147,100683202
2020-05-13,685.9739990234375,699.9781414887979,666.5148521861614,699.9781414887979,66430125
2020-05-14,658.24072265625,686.0885935435547,655.536167098425,673.3908655535027,49266771
2020-05-15,668.990234375,672.3365693194552,648.6830610564393,661.9308420178576,62152260
2020-05-18,660.4411010742188,679.3501354848403,654.5965179951678,673.849358542829,62796089
2020-05-19,645.8410034179688,670.0446278188828,643.2510901733044,667.8901255508846,42315854
2020-05-20,657.2093505859375,663.2373247008833,638.5523978545519,646.3452352347114,55320985
2020-05-21,660.6702880859375,669.9299550200111,653.2212565793534,657.8052573140799,39167981
2020-05-22,656.2238159179688,668.3485141850272,653.9088990773167,665.5064602731027,37828973
2020-05-26,652.7857666015625,664.5437414923631,649.2331236945481,663.8332129109601,33216635
2020-05-27,662.6414184570312,666.5148907058112,647.2620506707943,655.9716644514942,35667956
2020-05-28,674.8806762695312,678.3186768105455,664.2228685298562,666.9732568376063,40126278
2020-05-29,671.2822265625,674.7660596561055,665.8960320550904,672.9324473370226,40022527
2020-06-01,696.9298095703125,705.1810352636735,676.5768023601042,678.4333311723758,39943702
2020-06-02,703.9662475585938,705.9374188908446,697.1360788732877,699.5198054406977,22153960
2020-06-03,706.6937866210938,715.1054272211157,702.889002750935,708.229425739485,25381289
2020-06-04,724.1817016601562,728.6282040622968,706.3957526768991,707.7709164801789,34202350
2020-06-05,725.0526733398438,741.6926228294144,721.3854484694594,731.1493967960403,33076685
2020-06-08,719.460205078125,741.8760499700658,717.397428880409,741.8760499700658,31414953
2020-06-09,704.6309204101562,725.6486234751304,702.7285588670827,715.2428955917325,25857161
2020-06-10,720.6749877929688,724.0671556761358,705.9603160548514,707.358396292796,22132647
2020-06-11,704.883056640625,718.749640775522,701.8117785512347,717.8557812384124,20385805
2020-06-12,728.3073120117188,730.2325898304514,686.2260751335923,687.6012995578178,38548899
2020-06-15,740.1111450195312,745.7953132096621,715.6096089372687,717.3973886251789,53107403
2020-06-16,741.5551147460938,755.6967557369571,726.7028845316762,753.1526753532676,51187003
2020-06-17,740.4778442382812,749.6916781570901,734.4040373887631,737.223174716428,41782053
2020-06-18,759.0659790039062,763.23742434906,736.0084174668972,736.6501969431685,40471557
2020-06-19,806.510498046875,819.9874427430584,761.8622646097448,765.5294286893287,105804173
2020-06-22,800.4367065429688,827.0468509645104,795.3255082236741,812.9281265185632,60198705
2020-06-23,788.862060546875,808.5045384737962,786.6617256871547,802.2015072741337,37962078
2020-06-24,792.0479736328125,812.6072894461607,784.6448351308754,795.7381150128122,51586221
2020-06-25,787.4868774414062,801.7431614212348,785.2636260992718,791.6583230974447,39679374
2020-06-26,798.3738403320312,803.1183159982722,787.0742536700925,792.4834251694602,30921913
2020-06-29,789.8934936523438,797.5029397155437,786.409660371951,792.1396612854866,25621946
2020-06-30,781.1609497070312,798.0758951241328,777.2415842900174,796.242343365062,30276420
2020-07-01,796.517333984375,801.7431140856711,782.9715794291302,788.4495001768599,28464103
2020-07-02,806.946044921875,810.2694638317585,795.3484836011323,798.9927922808039,28789533
2020-07-03,819.5748901367188,821.9127837843031,810.4527217015681,815.861832689426,29434266
2020-07-06,848.8667602539062,851.7088140284914,821.500193473118,827.4135859339859,47016185
2020-07-07,835.8710327148438,854.6196508720807,828.0095068787299,852.6256239563103,35189589
2020-07-08,824.204833984375,841.1426965515011,820.5376090458117,836.1461404635266,26204095
2020-07-09,836.2377319335938,841.1655384851634,818.8185059547752,829.2471494274314,36418942
2020-07-10,860.8997802734375,863.9023091935485,836.2377694199942,838.1860242634439,43759967
2020-07-13,887.0057373046875,892.8274038116122,870.9616737663902,872.4973128326985,69608392
2020-07-14,878.7545166015625,890.0770205474162,865.1400122264088,886.5473544363681,67331128
2020-07-15,845.2911987304688,907.08366415123,824.2048075727157,888.3579618231472,139669773
2020-07-16,845.0161743164062,856.7512327293052,830.8286404403499,846.6663951185012,60961724
2020-07-17,876.3250122070312,880.1297353196538,842.540831525903,845.7496684810003,49726765
2020-07-20,880.0838012695312,885.6304711156431,870.8012182087103,879.1211926652252,36592938
2020-07-21,903.76025390625,906.2585622062196,887.6933348920056,888.839335081147,42173371
2020-07-22,918.6353759765624,921.3857642316456,898.7865901828686,909.0089261458122,59771457
2020-07-23,943.2973022460938,953.3362464050948,912.8365424171128,918.6123757945644,58333751
2020-07-24,983.7970581054688,991.5210860477298,943.2973519821112,943.3890174472284,120597372
2020-07-27,988.4039916992188,1007.9318886104963,975.4312669085616,998.7638869386624,80304827
2020-07-28,998.2595825195312,1005.731530384294,985.8598278076676,988.4039688253292,55114422
2020-07-29,961.106201171875,1000.5974046127762,949.0960854416204,998.3512976301298,72663399
2020-07-30,966.69873046875,980.8403717420106,949.8066402117876,962.183478762522,72857444
2020-07-31,947.5604858398438,975.9354948759247,941.0053742956642,969.2887178644175,74958061
2020-08-03,920.9273681640624,942.9305952611116,918.2227520388468,940.3177052229902,46715383
2020-08-04,985.8369140625,993.3546946795112,916.9163671182448,926.2448437909336,92041055
2020-08-05,974.7665405273438,1006.648298081331,971.0305666253906,994.27152046171,74549993
2020-08-06,978.2733154296876,993.6755993797866,966.217366621677,988.7707088119896,49322975
2020-08-07,983.9345092773438,989.1373729283774,971.9015381712984,976.302147164978,32984416
2020-08-10,971.7410888671876,992.4379015712536,966.3548941512472,989.7333460303868,26958997
2020-08-11,978.1357421875,990.1458573410168,962.802208513405,978.5941301083684,46828306
2020-08-12,975.293701171875,983.2699304701928,965.7589770757232,972.268255791585,30264617
2020-08-13,972.7495727539062,980.4736003891036,967.225819320585,975.477044609862,24830322
2020-08-14,968.9677734375,988.7706657791254,957.7140191986612,972.9787436598888,33224635
2020-08-17,958.6766967773438,964.9338346288924,948.9356650804594,964.9338346288924,30979066
2020-08-18,971.1452026367188,978.3650097420287,954.5510862898096,955.7658355527064,30547672
2020-08-19,977.1043701171876,987.3955158979304,972.4287039776058,981.4362907688352,34087543
2020-08-20,961.28955078125,973.597640132438,957.141021598206,971.8098604326208,22537845
2020-08-21,954.3218994140624,972.7267125065048,952.0986480932504,970.8931000447368,25280895
2020-08-24,960.6936645507812,964.704634910236,949.1190201735524,958.699637554215,32717218
2020-08-25,954.4364624023438,967.8218027963048,952.5570172443043,965.3922435979426,19388008
2020-08-26,979.7401733398438,984.6221473814044,938.3466085705784,955.7658353326016,59870421
2020-08-27,967.5009155273438,985.561922183876,964.1316640539663,984.6450856560868,28085062
2020-08-28,970.0450439453124,977.7232390609691,965.5068759739142,971.8098466284296,27166900
2020-08-31,953.7947387695312,996.5635286159436,944.4662621245328,996.5635286159436,62076132
2020-09-01,956.7972412109376,972.9099924120944,945.405928178746,962.6418237900548,38616258
2020-09-02,975.5687255859376,980.061060773215,955.7658330769888,958.9746092820122,26949439
2020-09-03,968.1885375976562,980.4049009676614,964.0170920109248,975.4770940348448,18586429
2020-09-04,952.2131958007812,961.2436989605308,949.8982790961712,955.1011429027296,28475945
2020-09-07,954.6885986328124,965.2776572942354,937.0859800542688,955.3074617689814,21926473
2020-09-08,965.8965454101562,972.2682653644532,953.7030376776368,958.9746507785496,27397082
2020-09-09,990.7647094726562,993.7214056796691,954.138476066854,955.7658411741912,55310877
2020-09-10,1060.7396240234375,1074.927157933588,997.1822972451836,1000.73494012671,140304404
2020-09-11,1063.3753662109375,1071.6724241946151,1048.4086759294305,1059.822844591978,59470807
2020-09-14,1055.490966796875,1081.8261153274973,1046.070764032362,1065.7821127274472,44063445
2020-09-15,1062.9630126953125,1066.1259565244527,1048.8900587917185,1059.8000688661723,27178393
2020-09-16,1065.57568359375,1086.1120203042171,1059.15813141887,1063.4899306366708,33952295
2020-09-17,1053.7491455078125,1069.7702327305742,1050.586080524461,1063.4900567497143,25828669
2020-09-18,1056.9349365234375,1063.2379072093026,1043.5725125687648,1060.8542413817547,33074915
2020-09-21,1034.0836181640625,1070.824370804214,1030.1871086617475,1054.3219207082454,33627381
2020-09-22,1013.5930786132812,1043.7787210606,1009.192408979584,1043.7787210606,34792254
2020-09-23,1022.6006469726562,1043.6641825382092,1010.911481445586,1035.9859873512196,42988708
2020-09-24,999.864013671875,1020.4002905047364,997.503203624823,1012.1032929800348,29826318
2020-09-25,1009.26123046875,1014.3495126758534,993.4922844008532,1003.4395638953972,28374935
2020-09-28,1015.9309692382812,1025.9012255753255,1011.713690912799,1020.8587761777486,19666849
2020-09-29,1029.1329345703125,1037.8195713910873,1015.930985336606,1019.9420164266044,25842539
2020-09-30,1024.22802734375,1039.1947175783714,1019.941939548426,1035.985941448482,24465159
2020-10-01,1020.0565795898438,1037.727886928556,1014.8995483721432,1037.727886928556,20783227
2020-10-05,1014.074462890625,1031.0123256675506,1011.2324089970172,1028.651576107682,18922799
2020-10-06,1013.2263793945312,1024.021685188541,1009.238264869314,1020.0565476544164,18412175
2020-10-07,1034.840087890625,1058.4477047723026,1017.65002380176,1024.526025187182,53170865
2020-10-08,1026.47412109375,1039.6532142018098,1018.6125949619176,1035.5275407721056,21077808
2020-10-09,1023.8154907226562,1032.7772452149252,1016.3206262176352,1024.5260193493111,18545499
2020-10-12,1025.4656982421875,1034.037753133324,1020.5150355378988,1024.5260059581258,14226473
2020-10-13,1045.4749755859375,1047.7898924056608,1020.3315984564822,1022.509017074154,23112012
2020-10-14,1048.592041015625,1056.15565430655,1039.882366922747,1044.649819808061,26742011
2020-10-15,1011.4615478515624,1049.7380030723978,1006.1899348009108,1049.7380030723978,20036197
2020-10-16,997.388671875,1023.3799544355646,995.9446982604557,1015.3580135221156,21583600
2020-10-19,997.5719604492188,1021.638024668864,987.92265477064,1003.920824435056,31200385
2020-10-20,988.2664794921876,1005.2731514525456,986.5932816231012,998.8555382481594,18482288
2020-10-21,973.9185180664062,1004.8147507715352,961.6104288645944,993.813136935571,34082321
2020-10-22,965.8277587890624,977.53990184993,958.5162857482388,975.202068636273,30802210
2020-10-23,968.6240234375,978.6858847499282,960.991660764775,965.3922700815422,23422125
2020-10-26,930.1412353515624,963.5357160295376,925.282177573976,963.5357160295376,37324416
2020-10-27,932.6165771484376,944.2369929802862,919.093739266862,932.7999080687172,36478896
2020-10-28,922.0504760742188,943.2515096847724,920.1939472978868,935.9628927757252,29924017
2020-10-29,929.1326904296876,936.0545846033192,912.676133322179,915.4265215242824,30655304
2020-10-30,941.7846069335938,946.6436645983638,926.7948787307498,932.158157066993,34021563
2020-11-02,860.624755859375,929.1785816956018,852.236031908047,929.1785816956018,99366895
2020-11-03,848.2249755859375,875.0872608981166,841.211476343972,866.3776474479282,88691623
2020-11-04,877.0125122070312,884.2552961399613,842.0823940002088,842.0823940002088,80180117
2020-11-05,896.1737060546875,898.9011779621782,885.6304802775447,896.1507896888862,37205373
2020-11-06,930.1641845703124,935.1378243548976,906.7857313832764,912.217819760007,66674086
2020-11-09,940.0426635742188,948.431387221708,933.3041607671188,945.2684437358598,35838510
2020-11-10,955.5595703125,958.0578786725551,935.687927767372,952.0986532955748,36934242
2020-11-11,915.5181884765624,960.349813307874,906.7627425708018,957.59942510129,56724780
2020-11-12,907.6336669921876,920.6752004336812,900.7576663048064,908.0921155382558,40046527
2020-11-13,915.1514892578124,933.6021343890702,908.4359634401072,908.5505452692456,45388670
2020-11-14,917.8560791015624,923.8153044443368,914.6702191300194,923.6319735108652,5226220
2020-11-17,913.7075805664062,955.7659048798204,909.925773683342,955.7659048798204,46542562
2020-11-18,910.9342041015624,919.781376250731,898.5115332828663,913.7075087226444,30402290
2020-11-19,904.4937133789062,921.5920510251046,902.224629330508,910.934243032684,27796343
2020-11-20,870.7324829101562,909.3756596448712,868.6696462248589,905.3417123632923,57471248
2020-11-23,894.20263671875,903.0497487081868,882.9947145657383,894.3401349199002,45327567
2020-11-24,900.322265625,904.8833500775438,885.6305102620511,900.2993492584229,30936268
2020-11-25,892.8732299804688,913.5700432988136,890.3062331834853,907.63373437701,32637879
2020-11-26,895.0735473632812,900.7577155171034,884.7366294026862,895.2798552828139,25838637
2020-11-27,884.6220092773438,896.6779581206766,880.7714534348644,889.5268998595113,47336811
2020-12-01,896.1279296875,901.330793805916,884.736676408615,889.4581755643159,19750687
2020-12-02,897.6177368164062,899.3826002221267,887.0057612654423,897.7781513872399,22188887
2020-12-03,900.322265625,908.1380197592676,897.8468736575144,903.966574163843,27785372
2020-12-04,892.3919067382812,902.5913264864632,889.2977123273746,902.5913264864632,18464552
2020-12-07,897.6405639648438,900.7576746051316,889.5727303590095,889.5727303590095,18242188
2020-12-08,913.9367065429688,923.33393182102,893.8816740365648,898.9928721833468,43403061
2020-12-09,929.1556396484376,932.2957274207164,916.457972239132,921.3628626960532,29175254
2020-12-10,920.0105590820312,929.866172775927,917.2601707692784,926.7032292475268,16065507
2020-12-11,919.4605102539062,934.2210145022136,904.9979187667744,922.7609519955424,26944202
2020-12-14,912.813720703125,923.6778370071116,910.5446365739872,920.4460835692588,17312747
2020-12-15,905.0437622070312,912.0801775114672,898.9698948570732,912.0801775114672,18551265
2020-12-16,906.05224609375,914.4868631848642,901.0786065303444,911.300942675149,18561011
2020-12-17,910.2008056640624,919.0938109989952,906.3273334178016,909.6965849686366,20252358
2020-12-18,912.92822265625,919.0479228594432,900.7576925968006,907.6795868410728,18466344
2020-12-21,889.16015625,926.8865573142292,850.4482301946091,921.3857807057104,44135540
2020-12-22,887.7849731445312,897.961476337286,865.6671034842241,893.4233084523537,28140001
2020-12-23,891.0625610351562,894.546394236093,880.42760925683,884.7136971301411,19501410
2020-12-24,914.1201171875,916.2516423025234,892.0022476181472,892.506468283742,20776988
2020-12-28,918.314453125,925.0529556385268,914.6472285002296,919.8730084342014,17221499
2020-12-29,912.2406616210938,922.4400810203896,908.8026005873492,920.927358415664,18611939
2020-12-30,914.7389526367188,920.1022311036656,905.5938674782956,914.624370805252,22043630
2020-12-31,910.0632934570312,922.2567404293592,906.9920153474784,913.8221838113244,18781189
2021-01-01,911.07177734375,915.4265537650106,908.5505527049316,911.3009410039018,10015175
2021-01-04,912.607421875,916.2975024534738,902.1329450342616,914.5556161245812,24513534
2021-01-05,901.261962890625,909.2839638288434,896.6320689988709,902.5912939459548,24123091
2021-01-06,877.493896484375,901.2160938359506,873.3224510339957,901.17026110439,46401468
2021-01-07,876.0728149414062,891.5896797806909,873.3224267471168,880.3588421014937,32325918
2021-01-08,886.4097900390625,888.5642922541741,876.508343396695,879.2128990362454,27540187
2021-01-11,869.7010498046875,888.7475808323036,867.5236313267144,888.7475808323036,33307825
2021-01-12,897.1134643554688,898.4657118218406,870.9158143147399,872.336871504238,41161546
2021-01-13,888.7476196289062,905.3188201499356,879.419203440265,900.0930398248009,26619458
2021-01-14,898.74072265625,901.6286696187276,888.8621931858086,891.5896649696465,21553242
2021-01-15,888.1288452148438,904.7917117293798,880.152676275477,898.7408207667354,20593268
2021-01-18,909.4443969726562,915.4265384071688,881.6653361808924,893.4691438651963,35100458
2021-01-19,924.3195190429688,931.0121282618549,914.3492633717726,914.3492633717726,32006615
2021-01-20,941.8763427734376,943.3890655261932,917.4435544295624,926.6116170411966,30924537
2021-01-21,962.3667602539062,971.809818403728,951.1818158375564,954.3905919866166,39087742
2021-01-22,939.5384521484376,969.6783235251652,932.9145311052488,967.68423592721,30532660
2021-01-25,889.756103515625,932.8228666500368,885.630490744276,932.8228666500368,54207104
2021-01-27,868.669677734375,882.421740925937,865.4609013857062,882.421740925937,42370131
2021-01-28,860.212158203125,881.6424156080186,857.2096293173817,861.8623790218855,34067814
2021-01-29,844.3515014648438,876.9667039367849,838.8735806318068,868.3487559710819,43712383
2021-02-01,868.8071899414062,873.2536317323746,847.124791883341,852.3505719782088,34180952
2021-02-02,882.7884521484375,889.2977308550115,850.3107470896575,877.4939227404844,41470034
2021-02-03,885.01171875,894.798523032894,870.9616821017152,883.9344676315485,30301696
2021-02-04,882.100830078125,889.2977209491282,873.2536577134136,881.9632712555533,25626981
2021-02-05,881.8486938476562,891.4293112297793,880.1297238720016,884.7366410071501,20248046
2021-02-08,894.54638671875,902.5913041127488,884.2782181271332,886.1117698619925,21183400
2021-02-09,896.7008666992188,912.0344014614586,894.9360639848401,899.3596502046049,19604141
2021-02-10,905.0208740234376,909.8111829033376,883.4760331854671,895.6007920848609,21234156
2021-02-11,942.3346557617188,946.231104796096,904.0811183800298,907.6337006794414,42539278
2021-02-12,935.8712768554688,952.5570597344292,923.8611604012794,942.2430575840344,30497029
2021-02-15,931.74560546875,944.9017213372512,928.261772235797,938.8279143890804,15791099
2021-02-16,944.07666015625,953.1988292371936,932.8458215577122,935.0232401763632,21421660
2021-02-17,954.963623046875,960.7852892251556,939.9968114616252,944.305755025636,23742994
2021-02-18,947.8355102539062,966.4924028532744,943.893228416065,955.7658460363688,18646877
2021-02-19,953.611328125,964.9109151569618,941.2344900308713,942.9306042166018,23403483
2021-02-22,920.5147705078124,958.0120076502668,914.4868568966108,953.473839698461,23804335
2021-02-23,927.55126953125,941.0511918891756,923.0360178342994,938.8050242239318,25644108
2021-02-24,944.7642822265624,946.7124765699424,928.7889673602264,930.553830765552,10807663
2021-02-25,982.971923828125,986.478673411568,950.2649955391294,951.6402199837607,34855693
2021-02-26,956.132568359375,978.1816287572624,949.2106739345872,970.4346845297424,37481215
2021-03-01,963.421142578125,968.1427021991784,945.451801253794,967.317531130469,17680764
2021-03-02,965.3922119140624,976.3938254810674,957.6452678737792,972.7266613756028,17150760
2021-03-03,1009.444580078125,1017.6041401137896,965.942345590931,972.291209589853,31924461
2021-03-04,997.4114990234376,1003.8749445351068,989.0915248341788,999.313860430683,21435754
2021-03-05,998.7179565429688,1013.9598254449932,986.9599814973138,988.3122895814016,25511666
2021-03-08,1004.4021606445312,1023.1048853279742,993.8131023907756,994.0422660432696,19506841
2021-03-09,1004.3792724609376,1014.8079170800456,984.0034088114407,1008.4819690816918,15154484
2021-03-10,1000.207763671875,1015.4037998551904,994.844485313202,1011.6907423375532,11519358
2021-03-12,979.8777465820312,1011.4156982692142,973.5976316338206,1006.1899180386312,16864952
2021-03-15,966.7216186523438,985.0576213408292,953.7030009682372,981.0008183336917,16698099
2021-03-16,962.9169311523438,974.5603248137428,960.579097998451,969.059487429311,13873801
2021-03-17,942.17431640625,964.0171308567684,932.8916719551072,961.7480467270792,19210236
2021-03-18,920.9732666015624,955.6742238924888,917.2602088811508,950.2192191472824,20647480
2021-03-19,954.390625,960.7394890470404,908.9172795697536,912.67616986744,41787429
2021-03-22,945.4059448242188,950.7233904654208,932.0206652576462,949.3482266359898,18572478
2021-03-23,956.911865234375,967.088368843204,942.472250578362,945.1997225688874,17421165
2021-03-24,938.484130859375,953.3592170238184,935.321187297149,953.3592170238184,16822814
2021-03-25,912.8824462890624,941.5554287504984,909.9257499620534,941.5554287504984,22001648
2021-03-26,914.3493041992188,923.0818340475104,904.7458311902952,922.3025563510912,20180202
2021-03-30,930.23291015625,939.2175808304728,912.9282646868336,920.4689617705126,20441701
2021-03-31,918.2227783203124,939.6759526353578,916.3433331733194,925.0530072998836,16250796
2021-04-01,926.8178100585938,930.5537839867492,918.2456947533308,925.0530073672948,11723312
2021-04-05,913.40966796875,928.2618384691596,899.4284406823956,928.2389221017008,14875099
2021-04-06,909.6049194335938,919.0708945637176,902.5913593052552,918.6354229687946,14009194
2021-04-07,918.1082153320312,938.3008080498928,913.73052243811,916.8018005614194,24266353
2021-04-08,919.2542114257812,926.8865739667762,913.5929595278304,921.8441852141576,15369188
2021-04-09,908.573486328125,919.7125985569768,907.6337334277324,916.0912670300334,14037885
2021-04-12,876.0728149414062,899.1074600536795,871.0762592112774,898.0072926509027,20901482
2021-04-13,885.538818359375,889.57276563491,879.1441216450248,881.9632590270061,19411189
2021-04-15,891.268798828125,898.9240773674254,876.9208503456264,883.0175735386241,19723716
2021-04-16,885.6763305664062,893.8358907101348,883.0863568023805,887.7391672812477,15656948
2021-04-19,871.740966796875,878.4794699638177,866.3776881538993,872.7953015568957,18478808
2021-04-20,871.4888305664062,879.6712462055465,866.5839402059133,875.7748578059559,17203668
2021-04-22,873.8954467773438,877.5855880307079,860.2809425881891,867.4090844385339,14490954
2021-04-23,872.9557495117188,879.6254427440936,868.8301366938636,873.7121108512371,11828857
2021-04-26,888.3121337890625,899.3825574089013,876.2332688070826,880.1297179345423,20846778
2021-04-27,911.5989379882812,915.5182429314154,888.4955423031201,889.2977363850338,19992524
2021-04-28,915.5640258789062,920.4689161954166,907.7025000535164,915.8161665231972,17122437
2021-04-29,927.8262939453124,937.2006031320064,920.1480989438264,927.299096284571,17412606
2021-04-30,914.2805786132812,933.3041941919269,911.0947186475148,920.6981919034074,19828769
2021-05-03,898.0302734375,907.175358792894,890.718800551604,901.2161334233527,23640186
2021-05-04,878.571044921875,902.0412217530566,876.0040483253754,893.8816621686514,21849830
2021-05-05,880.175537109375,888.6100934871649,874.6517835676245,881.665343388775,12393609
2021-05-06,885.1720581054688,887.0056704251906,873.9870532678174,880.9776964476755,14624666
2021-05-07,885.5159301757812,896.4717115551883,882.880123637057,888.2663185476171,12288548
2021-05-10,882.9717407226562,892.4147988863416,880.565158607328,888.8393002613991,13941237
2021-05-11,886.1576538085938,888.6329849995531,875.5456185977415,877.8376794925884,13478264
2021-05-12,876.9896240234375,886.0430436052227,874.170486626913,884.7595452326755,13177961
2021-05-14,888.0599975585938,890.2144389688615,873.7120494818731,883.8197425816136,13291616
2021-05-17,898.626220703125,900.0472173205974,884.8970738540205,888.0600781000797,11873078
2021-05-18,911.2780151367188,917.9936015646734,904.1957062310378,908.0921552913696,12064918
2021-05-19,915.449462890625,924.3424678415456,903.9665448486312,907.6337090098184,16317002
2021-05-20,910.109130859375,921.7983572040098,908.0921874730554,915.8391318860964,11422532
2021-05-21,917.970703125,921.20239576501,910.3841733987856,913.1345617227894,10785605
2021-05-24,910.2236938476562,921.2941174399018,908.5505566201105,920.4689463838788,8551760
2021-05-25,899.9097290039062,915.4265951350068,898.465755378466,915.1515381050872,14780102
2021-05-26,903.0726318359376,907.4045525164336,900.895273937989,905.3417158232523,7480204
2021-05-27,905.8460083007812,913.592952615517,899.497144206121,903.1872854331082,26819294
2021-05-28,960.2581787109376,964.9338448749432,912.217776198743,912.217776198743,56469931
2021-05-31,990.283447265625,1004.677229441284,955.7887981762876,963.5586590619544,59124142
2021-06-01,994.2256469726562,1009.398705617907,983.9574179420524,992.8962553011692,28013832
2021-06-02,1009.054931640625,1012.8367382398284,988.770674199331,988.770674199331,24630162
2021-06-03,1012.905517578125,1031.401995917848,1006.6942122738166,1018.1083208841007,23974257
2021-06-04,1004.1271362304688,1016.0226095654848,1001.262105478856,1015.2662482370932,14468646
2021-06-07,1021.0421142578124,1027.7347845958134,1001.605943387916,1009.3987812044364,16336573
2021-06-08,1015.1746215820312,1020.9275390458702,1007.6339243758388,1020.6754590103076,9674735
2021-06-09,997.0219116210938,1018.1083027421982,989.2061576802296,1017.1915268511834,11409161
2021-06-10,1000.6891479492188,1022.2339878890224,998.1908396482332,1005.456479637838,14155653
2021-06-11,1018.0466918945312,1024.8777362668263,1002.843732224515,1004.131765990826,13762778
2021-06-14,1032.6517333984375,1038.7927078057078,1009.720752633155,1018.8977806929664,20332436
2021-06-15,1034.9976806640625,1046.4516420993727,1030.5356766299878,1040.0577090717052,15174215
2021-06-16,1017.3336791992188,1033.6406416260932,1014.6886837490772,1032.6516808873691,10797349
2021-06-17,1019.1967163085938,1028.097728292184,1002.75177575552,1011.9977316113468,15745975
2021-06-18,1023.7966918945312,1028.0977221827986,1004.7987409431672,1023.727703120494,29369026
2021-06-21,1029.1326904296875,1033.847653430732,1012.06678992321,1013.6077825790958,12186448
2021-06-22,1023.8426513671876,1040.057689555753,1020.8986437433156,1036.837605171319,12871913
2021-06-23,1014.458740234375,1035.2736386932138,1012.7797092340784,1034.9976836000096,16653951
2021-06-24,990.6077880859376,1018.7137169863252,984.3978251031112,1015.1487495029731,91461975
2021-06-25,968.0447998046876,990.6077786559372,957.3038441046904,990.6077786559372,55355022
2021-06-28,959.557861328125,978.1878113041088,957.2578705082092,976.117843900849,20277042
2021-06-29,960.3858642578124,970.1378595649336,958.683897790907,961.1678587161198,27144063
2021-06-30,970.8968505859376,976.4168042700366,961.8808572870254,964.2728331610242,19762858
2021-07-01,965.0548706054688,976.6468096297286,963.6978480494174,974.2778300577462,12534407
2021-07-02,979.3607788085938,981.1317948141646,962.754804129585,964.6178051648842,14086620
2021-07-05,989.0897827148438,990.6307753176276,980.4877831463226,982.764777664167,11702287
2021-07-06,977.4058227539062,988.4917834396978,975.2898628218852,986.6748357001348,10070124
2021-07-07,970.6207885742188,978.7628020012476,965.0778388950382,978.7628020012476,10454892
2021-07-08,962.5938720703124,973.79487502527,957.2578884014334,973.79487502527,11185460
2021-07-09,952.7498779296876,962.1798646658882,950.4038945838512,960.4778373834218,9037675
2021-07-12,958.6838989257812,966.6878744220456,954.2678872712922,956.6828594242182,8585292
2021-07-13,965.85986328125,967.4008559027528,960.5008226560795,965.9978408282524,6717133
2021-07-14,959.557861328125,969.1488218304414,957.3728517982064,966.1588215972184,8532544
2021-07-15,957.87890625,963.6978721655336,956.1078901728106,963.6978721655336,9448356
2021-07-16,971.7018432617188,972.7828499098453,960.2938740657378,960.3628628405128,8828185
2021-07-19,965.5148315429688,977.037781494851,962.4328463862576,965.9978137806144,8354449
2021-07-20,963.1458129882812,969.6778452378554,958.6378772738246,965.7678122238628,6741464
2021-07-22,975.5198364257812,976.991840309904,965.1468812983916,974.737841966924,7972397
2021-07-23,968.6198120117188,981.84478916604,966.9407810552032,981.84478916604,9937030
2021-07-26,955.348876953125,975.6577971106128,952.7038814264388,969.6778574805642,12389668
2021-07-27,945.2978515625,958.499832685782,939.317912046664,955.3258624490436,10824523
2021-07-28,937.1788940429688,946.6778693218372,927.472891609616,946.6778693218372,12897848
2021-07-29,944.4928588867188,954.2218575678296,939.9618661167602,944.837863586072,13765738
2021-07-30,936.2359619140624,951.2548912939754,934.303911186574,946.677905827892,11350608
2021-08-02,953.347900390625,956.5218706948652,938.9269347999194,944.9759240537452,10925104
2021-08-03,960.3628540039062,961.8578541235884,949.5299130373844,961.3978681259928,11817299
2021-08-04,967.7228393554688,972.4378021295378,960.0178156102928,963.421809211716,13169800
2021-08-05,981.7528076171876,991.2057294263114,967.9528023114492,972.575780058391,21252078
2021-08-06,960.9608764648438,987.5948017959786,956.2228564400968,979.7747965058436,16620987
2021-08-09,955.48681640625,961.3058428349544,950.587822770868,957.257832384985,7494143
2021-08-10,960.5007934570312,971.9778117036468,953.9228296933206,957.7178204871266,11919198
2021-08-11,973.955810546875,975.1977909632224,958.361853641646,964.5948128175684,9184963
2021-08-12,970.8278198242188,978.0498004869592,968.2978056737072,977.4517761259924,8137612
2021-08-13,986.9967651367188,988.9518120624284,970.1148351610924,973.9558185660466,12780901
2021-08-16,999.8077392578124,1013.3777212952486,978.9467877002714,988.698782628168,21935444
2021-08-17,995.5527954101562,1005.189748533306,988.0088059710336,997.6688161890952,12658169
2021-08-18,999.416748046875,1005.9257231781784,990.193788659115,1000.03776867609,10075860
2021-08-20,988.1928100585938,999.1177358572564,983.0178003795828,985.7777771512804,9426282
2021-08-23,994.6787719726562,1000.0377516213,980.8557704189082,1000.0377516213,9854395
2021-08-24,1004.499755859375,1008.3177429278552,991.573730007259,995.9207526655846,11864472
2021-08-25,1013.1937255859376,1021.19776187611,1002.8437667672592,1005.281796002234,13380559
2021-08-26,1026.004638671875,1032.6516519150714,1014.2976580803684,1015.6776768283884,18589616
2021-08-27,1024.6016845703125,1031.6627525269569,1019.3807431148368,1029.0176961571417,10480636
2021-08-30,1044.3126220703125,1046.888689618692,1028.925692246223,1034.9976776483736,14027062
2021-08-31,1038.7467041015625,1050.5226134288569,1031.4326772426896,1047.3716393543918,26485463
2021-09-01,1042.8636474609375,1054.731663548807,1040.9777109286226,1045.5776926409253,11145486
2021-09-02,1055.421630859375,1061.5856012409718,1037.2976598336916,1037.2976598336916,9956770
2021-09-03,1098.70751953125,1101.6975196835162,1059.1476298304838,1062.5975551302868,30664428
2021-09-06,1115.7735595703125,1140.7975032325317,1109.5174823997663,1109.9775292282832,33641710
2021-09-07,1122.8115234375,1130.6774604221573,1109.517496167613,1117.7974874704053,17349882
2021-09-08,1118.41845703125,1128.837464876356,1107.056480976038,1127.9174929232452,14301651
2021-09-09,1115.7735595703125,1121.408494434702,1111.4035405560307,1116.8315091005825,8963249
2021-09-13,1090.91064453125,1119.177548651307,1089.300663060522,1119.177548651307,16311160
2021-09-14,1089.484619140625,1101.237532395339,1088.3575591215929,1092.49761571315,8908356
2021-09-15,1094.015625,1102.0425360860809,1089.507628217485,1089.507628217485,9071075
2021-09-16,1116.969482421875,1120.9024508505224,1088.8175611175366,1095.5105671601996,13448882
2021-09-17,1099.6505126953125,1129.6884924434487,1092.7735365238054,1125.15749959754,34882133
2021-09-20,1101.3985595703125,1112.438466449786,1090.1975572171643,1091.1635216926215,11779819
2021-09-21,1106.1595458984375,1111.6335069774366,1096.6375133997956,1106.297523445473,9915736
2021-09-22,1118.027587890625,1123.3174573574286,1103.1925677705583,1107.677568194145,10995912
2021-09-23,1145.3514404296875,1148.6173955769252,1124.92747928446,1125.801458713065,15748397
2021-09-24,1142.0394287109375,1152.504429472062,1137.1174994850542,1151.6304499993655,15192163
2021-09-27,1161.244384765625,1163.7514636516144,1138.6355339877073,1144.0175102247354,15373834
2021-09-28,1172.100341796875,1179.8512970191653,1155.8853040496897,1165.637298619982,18035258
2021-09-29,1162.8084716796875,1182.1973591584344,1159.2204470370048,1182.1973591584344,9719875
2021-09-30,1158.8524169921875,1165.9134851801682,1150.1584927553604,1161.497473448661,13590654
2021-10-01,1160.8994140625,1168.3054259094522,1147.6974934567656,1150.8944600283412,8958928
2021-10-04,1175.826416015625,1184.4283549358152,1167.0403853576488,1174.3774084113345,10918552
2021-10-05,1200.2293701171875,1201.5174039480792,1171.7783745842926,1175.3434030412286,13533634
2021-10-06,1177.5283203125,1205.17420127861,1173.5033669981844,1205.17420127861,10258881
2021-10-07,1183.3013916015625,1195.4223661149706,1181.1393783698622,1193.6972817771325,6336665
2021-10-08,1228.7723388671875,1234.8213282198171,1187.487362959699,1189.212325688297,15772493
2021-10-11,1220.2161865234375,1251.1971330935205,1216.8582463314638,1242.641187142386,14768666
2021-10-12,1227.1851806640625,1234.1772596662222,1214.9722211777264,1216.6973055074627,6682011
2021-10-13,1239.6741943359375,1250.9671816447346,1227.8751676988354,1232.3371716054469,9959762
2021-10-14,1242.18115234375,1250.02421440867,1236.1091670926212,1242.1581560866873,8623469
2021-10-18,1245.4932861328125,1262.697164118425,1224.655269303442,1227.5532845364885,13594479
2021-10-19,1256.648193359375,1265.618194289932,1245.6772745847145,1252.94518735953,8833409
2021-10-20,1242.18115234375,1261.6621455822278,1238.0872102199778,1261.6621455822278,12710570
2021-10-21,1206.3472900390625,1254.8771805334577,1197.4692745501518,1254.6012254430202,20831669
2021-10-22,1208.601318359375,1225.8513104271372,1201.2872915476598,1205.19726379271,11027475
2021-10-25,1196.8253173828125,1232.7973062840492,1182.197385066671,1232.7973062840492,17198417
2021-10-26,1224.0802001953125,1227.6912209866082,1197.4462754647975,1203.8633263621937,9750178
2021-10-27,1208.601318359375,1231.3252715702076,1205.1742675346018,1219.9173024485744,9896298
2021-10-28,1195.353271484375,1213.4542465924762,1191.627391015183,1205.197251608468,9886181
2021-10-29,1166.6724853515625,1194.2263836921006,1150.77951534723,1194.2263836921006,14233025
2021-11-01,1167.385498046875,1175.75747472459,1147.283482512767,1166.6724923449638,15481114
2021-11-02,1150.3653564453125,1172.077351351346,1147.8124069251892,1170.6973325992135,10569130
2021-11-03,1142.4534912109375,1159.1974438793663,1132.057479148968,1152.7803928254552,11989430
2021-11-04,1149.4683837890625,1152.2514175574229,1145.3974379655235,1146.7543387911592,1705656
2021-11-08,1150.8944091796875,1159.19739639969,1129.9414121076627,1158.9213196411586,20337183
2021-11-09,1159.9793701171875,1163.2913177739265,1144.0404090908285,1152.297403649301,15682497
2021-11-10,1172.951416015625,1176.6774182478107,1151.676470115343,1157.6794669520125,10253470
2021-11-11,1175.0904541015625,1182.4273557317792,1166.3504156620645,1168.420443977734,10722478
2021-11-12,1192.8233642578125,1195.4224281916613,1176.217388615676,1178.931433843354,8712341
2021-11-15,1185.785400390625,1197.0093996392982,1182.1973756977447,1195.997320918576,4803269
2021-11-16,1158.2314453125,1184.4973081183166,1147.6974560120054,1183.1402855870328,11337581
2021-11-17,1133.4375,1149.5144395405357,1132.0574811683107,1149.5144395405357,10202029
2021-11-18,1137.7154541015625,1144.937496138089,1127.0204902736657,1131.5974758402135,8505625
2021-11-22,1087.322509765625,1126.537454261779,1081.4574909489804,1120.6034466753683,24124307
2021-11-23,1097.488525390625,1104.5725897240914,1062.1376791919206,1073.200582929198,25326999
2021-11-24,1081.6416015625,1108.5514808072287,1078.0305808484402,1094.797529007332,16820296
2021-11-25,1146.75439453125,1150.9174472577338,1084.286580762635,1091.5776112618046,42401936
2021-11-26,1109.7935791015625,1139.6934599858732,1104.6875580739272,1135.1854633440553,15763138
2021-11-29,1123.0875244140625,1149.9975276657872,1103.583533288641,1121.9835823094763,24325354
2021-11-30,1106.4814453125,1138.9113994061393,1098.868467566086,1135.2773824592143,32172299
2021-12-01,1134.8175048828125,1138.037467668293,1115.5434773388895,1119.1774944381166,10104610
2021-12-02,1142.1083984375,1148.2493725751624,1132.3334072490643,1136.0594093298166,12720411
2021-12-03,1107.79248046875,1149.3074162867858,1103.9974897062514,1149.261423772896,19222481
2021-12-06,1086.7935791015625,1115.4975336811217,1084.286621871444,1111.3575987289385,10332254
2021-12-07,1095.6485595703125,1105.837483610747,1085.5976130777865,1093.0266211400842,11235122
2021-12-08,1112.323486328125,1118.625434192365,1106.895517911482,1115.0835238875416,8744178
2021-12-09,1129.9644775390625,1138.4514353354296,1115.497519143776,1120.0975008855105,13213547
2021-12-10,1131.114501953125,1134.3574610048445,1117.958452336714,1122.5124414331665,8364414
2021-12-13,1108.4365234375,1138.083444596992,1105.8374596482531,1137.8074895071547,12901733
2021-12-14,1094.8665771484375,1106.757589430288,1091.7615955931103,1094.7975883737256,12991523
2021-12-15,1091.6695556640625,1106.2974869605343,1086.1034880639495,1096.6374772334373,9366969
2021-12-16,1105.79150390625,1111.12748753379,1089.5765866993695,1106.6194908766165,9761279
2021-12-17,1076.6046142578125,1107.6775473475095,1067.1975630051818,1103.100561976552,21049821
2021-12-20,1047.5787353515625,1066.2086248415333,1033.66368720684,1066.2086248415333,14325846
2021-12-21,1063.172607421875,1079.1575618020909,1054.4096947554583,1063.2185999376748,12836561
2021-12-22,1088.403564453125,1091.0716171777622,1068.1177006049668,1069.451605293958,17658543
2021-12-23,1088.0125732421875,1094.7975643331056,1084.700625435452,1092.0375267119452,9072401
2021-12-24,1091.485595703125,1100.317496910366,1075.2705574981387,1090.197561948047,7886494
2021-12-27,1090.3126220703125,1093.877650575183,1080.123697599396,1086.3106646452718,4017223
2021-12-28,1103.261474609375,1106.2284784130368,1091.6005473780715,1092.773478141545,6374613
2021-12-29,1105.1475830078125,1112.7375647876595,1095.7635281060698,1099.8575920196365,15425312
2021-12-30,1085.18359375,1106.2745698550716,1078.973630507313,1103.9975752211978,29333171
2021-12-31,1089.3465576171875,1096.5914735839533,1085.5975593844855,1091.5775595513303,9477290
2022-01-03,1105.7684326171875,1107.6544906857791,1087.2305295648375,1087.897542682186,5421611
2022-01-04,1130.723388671875,1132.057414909316,1105.8374236618392,1111.3115061520316,10847728
2022-01-05,1136.013427734375,1139.4174822429206,1119.154494015621,1132.517509868287,11643813
2022-01-06,1111.5875244140625,1128.8375164343609,1108.1374773406735,1127.549482637186,14447422
2022-01-07,1120.5574951171875,1130.7004263966212,1109.3105001345127,1118.2345080968792,13112115
2022-01-10,1121.4775390625,1130.217577526356,1111.3805996499177,1127.9175866158666,9246731
2022-01-11,1129.550537109375,1138.4744237559737,1120.0974931740636,1120.5575400144,16205164
2022-01-12,1159.703369140625,1161.4744460414895,1133.8974305546003,1136.7954457802664,14800442
2022-01-13,1166.2353515625,1168.8574115775082,1153.861418411396,1159.7724299004497,11856712
2022-01-14,1167.9373779296875,1180.9553286245623,1161.8883885866987,1166.0974339118925,19930176
2022-01-17,1174.0323486328125,1179.8973678529524,1167.0173948308095,1167.477441667549,8036453
2022-01-18,1160.025390625,1178.678275410964,1157.2423568049876,1175.1823576163329,6215029
2022-01-19,1159.9334716796875,1169.3174052504048,1154.137441136994,1163.7974514837078,9755485
2022-01-20,1139.62451171875,1154.5745135289576,1129.297488005546,1150.0205242089246,16494486
2022-01-21,1139.8084716796875,1151.0324710672728,1127.9175807873014,1127.9175807873014,13338594
2022-01-24,1093.83154296875,1152.1824146477636,1083.3435465615776,1138.4973302154067,21868937
2022-01-25,1091.692626953125,1098.7765696807724,1060.2976236006125,1080.790575247728,24510205
2022-01-27,1075.5235595703125,1083.8035509354086,1063.0806371011122,1074.5575950518264,20020431
2022-01-28,1074.4886474609375,1092.9115711595744,1071.061718161788,1087.897656635898,14667727
2022-01-31,1097.8336181640625,1106.9415968129524,1083.8495808912244,1085.6896466322094,12143683
2022-02-01,1094.1995849609375,1113.473491566328,1079.6636376831898,1107.6775826661672,13200509
2022-02-02,1096.4305419921875,1107.2174902952634,1092.5435660687758,1107.2174902952634,10017691
2022-02-03,1082.2625732421875,1104.6645792559175,1079.7096235247263,1100.3175563526795,9572839
2022-02-04,1072.3955078125,1080.284562243899,1067.7035414195882,1076.8575116390873,11061241
2022-02-07,1065.8636474609375,1084.1255962419496,1060.297579708681,1077.3176089000615,10714467
2022-02-08,1083.780517578125,1085.59758693513,1062.5975576312592,1072.0965937034018,12060849
2022-02-09,1096.4075927734375,1098.1095592653098,1084.6776757267585,1090.726543483188,11486225
2022-02-10,1095.2806396484375,1102.019516748867,1087.9436164827243,1102.019516748867,12464491
2022-02-11,1093.1416015625,1096.8676037196842,1078.283585449696,1091.692593963966,15943370
2022-02-14,1075.7305908203125,1083.274579851141,1063.9775567176564,1076.5125852318015,10719633
2022-02-15,1112.2545166015625,1114.9915579506276,1074.4195891644206,1081.5495240839075,11212671
2022-02-16,1109.95458984375,1119.1775497578458,1102.1346450715316,1117.797530874907,10392840
2022-02-17,1124.0074462890625,1129.2514448168265,1108.5975199905104,1113.2434941380343,12853252
2022-02-18,1115.2215576171875,1129.941474771275,1113.2665106352165,1124.4215210476575,6775458
2022-02-21,1103.9515380859375,1121.2475224355103,1096.9135881402294,1109.5174841860087,11107193
2022-02-22,1098.9375,1102.111591936287,1079.686590429124,1082.331525090488,13494914
2022-02-23,1092.060546875,1107.0105481946737,1089.2776346085104,1104.5035910270124,7310110
2022-02-24,1037.642578125,1076.3516054622764,1031.961650963044,1060.297541348824,24846650
2022-02-25,1050.61474609375,1061.6546537562792,1047.0727138680809,1048.843669144252,14570089
2022-02-28,1085.3905029296875,1088.9785274686883,1031.7777095289136,1031.7777095289136,21297446
2022-03-02,1103.33056640625,1104.4576264349423,1071.429645147188,1073.8446173429652,21471786
2022-03-03,1094.015625,1110.8285670622051,1090.22063391642,1103.997583111761,10186748
2022-03-04,1069.7506103515625,1087.575508345678,1067.3586345589488,1082.3775024534025,10805667
2022-03-07,1030.1907958984375,1063.5637214950889,1022.11777054383,1048.1996652689795,17983310
2022-03-08,1028.32763671875,1033.157702388963,1002.7977154613782,1017.2876691253822,21289374
2022-03-09,1082.883544921875,1088.8175527423714,1027.7066410369043,1028.557745910892,20414228
2022-03-10,1100.4324951171875,1106.2975142037817,1085.5975971416697,1103.9975234191024,17980493
2022-03-11,1103.6064453125,1109.0575316623951,1092.9804710460987,1092.9804710460987,12257423
2022-03-14,1112.66845703125,1115.2215283373027,1092.0375286294816,1097.971536521403,8340678
2022-03-15,1087.1845703125,1116.8544876106394,1076.788558543792,1116.8544876106394,15925769
2022-03-16,1105.53857421875,1107.631598794772,1093.463591545281,1095.7175899333065,11149828
2022-03-17,1141.5794677734375,1148.8013875807617,1110.9434646335778,1119.0624818166818,21422098
2022-03-21,1135.00146484375,1142.637439099066,1121.9375220823642,1124.237512861998,11999466
2022-03-22,1164.326416015625,1166.074374905803,1128.6535025271269,1131.6433809768237,22557065
2022-03-23,1168.029296875,1179.8283235343156,1160.577414518573,1160.577414518573,15462187
2022-03-24,1186.17626953125,1188.7063445162798,1154.5974197926394,1154.5974197926394,13168266
2022-03-25,1194.08837890625,1203.3573310908173,1185.4173294381133,1187.9474045470788,14222488
2022-03-28,1206.0943603515625,1209.6822633072309,1189.7873365511164,1200.5972812809523,9891424
2022-03-29,1206.3702392578125,1213.477177619343,1199.4012784361212,1213.477177619343,8684065
2022-03-30,1229.5543212890625,1236.4772900674247,1203.8633639857328,1214.3513611518415,15811550
2022-03-31,1211.9822998046875,1228.0593616300062,1209.1533949327882,1225.8743520089497,13223718
2022-04-01,1221.688232421875,1225.966266381573,1206.1173325377906,1212.5572580616497,7922880
2022-04-04,1225.29931640625,1230.497322612575,1215.1563845139326,1221.504325334522,7929162
2022-04-05,1207.980224609375,1228.1512269294394,1205.5192601207418,1219.503174324174,13149870
2022-04-06,1204.7603759765625,1211.8673150343582,1190.0634547508969,1190.0634547508969,12257215
2022-04-07,1183.5084228515625,1198.757375924619,1180.8173738747516,1193.743339785658,15496499
2022-04-08,1203.1962890625,1207.4973191652175,1177.5973181060117,1177.5973181060117,15152495
2022-04-11,1200.6893310546875,1213.7302772210817,1188.1772987993338,1195.9972429131064,9254209
2022-04-12,1178.0804443359375,1197.1933771019758,1175.481380415899,1190.0173276718913,13217742
2022-04-13,1173.75634765625,1192.5933241949365,1170.9273213185263,1184.2673406559882,10354235
2022-04-18,1170.1683349609375,1177.5053578378956,1160.025403648538,1165.1774170426615,9974224
2022-04-19,1214.7652587890625,1227.2772913362098,1173.4804061489567,1176.6773726400274,26141820
2022-04-20,1250.484130859375,1257.6371834893805,1218.583212255589,1222.263221726655,25072240
2022-04-21,1279.76318359375,1282.937153919287,1256.7171609996522,1265.4112066808957,21708633
2022-04-22,1269.045166015625,1288.917095705332,1262.3291638659896,1269.0911585299386,15054154
2022-04-25,1239.697265625,1268.8611449090972,1225.2762997920083,1261.5012471494254,17063215
2022-04-26,1276.796142578125,1285.6971543251727,1245.5392399778568,1246.597189497925,12227666
2022-04-27,1278.0382080078125,1300.8771423746834,1267.3201266925537,1267.6881884934444,19338945
2022-04-28,1297.128173828125,1311.457154668397,1281.6031441990697,1292.5741846046676,25614076
2022-04-29,1283.51220703125,1313.8261428679914,1277.555202653702,1313.8261428679914,18214862
2022-05-02,1279.004150390625,1290.5271005356046,1268.7001235704513,1270.517192938853,9467006
2022-05-04,1239.076171875,1283.397137994013,1231.0952539350435,1281.0971472660544,19247660
2022-05-05,1214.811279296875,1255.797181533419,1210.7173369941634,1252.8071812912924,17210669
2022-05-06,1205.496337890625,1223.1372663618763,1193.0302975383008,1201.6093619002356,19649948
2022-05-09,1158.4154052734375,1194.6633468869677,1153.2173994406023,1184.474301535795,18083752
2022-05-10,1138.33642578125,1162.2334313251256,1130.6774551546794,1147.697484515198,19511677
2022-05-11,1126.675537109375,1143.074546402847,1114.0945151330654,1137.416493366654,16643899
2022-05-12,1103.7215576171875,1120.0284592705289,1090.1975681321112,1116.6475227359197,20490321
2022-05-13,1116.2335205078125,1139.87744611574,1111.0585106327262,1115.9575654058494,19308778
2022-05-16,1116.509521484375,1141.2573874933723,1111.6564595577154,1119.8444654333248,13437911
2022-05-17,1163.4063720703125,1168.3514192823868,1118.7174637898663,1120.1434751408212,16551828
2022-05-18,1167.638427734375,1182.197371102494,1153.79249005036,1168.236452126418,17276788
2022-05-19,1140.7283935546875,1155.7473833483568,1134.3804530221462,1142.637447969998,14699118
2022-05-20,1207.2442626953125,1216.4212295089287,1150.917424305678,1155.7473684160063,21793091
2022-05-23,1199.17138671875,1220.6303022843224,1192.7773319352816,1210.4872490804962,15252755
